Date,Sum of User,Sum of Pageview,Sum of Session,Average of BounceRate,Sum of UniquePageview,Average of ExitRate,Sum of OrganicSearch,Sum of Conversions,Y variable,Average of Session dur,Average of Time on page,Month,Year,Day,Day of Week,(direct),(not set),Adroll,Amazon,amoselectric.com/electricity-service/residential-electricity-service/,Baidu,Bing,Chariot-Energy,Choozle,Duckduckgo,Facebook,GMB,Google,Googleads,HC360,Nextdoor,Others,Powertochoose,Realtor,Yahoo,Youtube,Zillow-group
1-Jun,15,16,4,11.53846154,15,19.23076923,1,0,0,61.61538462,63.53846154,Jun,2019,1,Sat,4,0,0,0,0,0,0,0,0,0,0,0,11,0,0,0,0,0,0,0,0,0
2-Jun,23,41,10,20.71428571,23,26.2755102,1,0,0,212.7142857,185.0095238,Jun,2019,2,Sun,20,0,0,1,0,0,0,0,0,0,0,0,1,0,0,0,0,1,0,0,0,0
3-Jun,370,569,142,7.323702867,408,28.68026188,23,2,0,309.6666667,281.8660573,Jun,2019,3,Mon,112,0,0,3,0,0,2,0,0,0,11,0,55,0,0,0,3,181,0,3,0,0
4-Jun,588,817,215,10.22104601,648,31.31390059,39,3,0,282.4894737,263.9013592,Jun,2019,4,Tue,192,0,0,3,0,0,4,0,0,0,2,0,128,0,0,0,3,254,0,2,0,0
5-Jun,396,530,170,10.42693377,436,36.72689138,26,2,0,237.1049724,254.6706531,Jun,2019,5,Wed,120,0,0,0,0,0,0,0,1,0,35,0,119,0,0,0,1,117,0,3,0,0
6-Jun,864,1216,342,9.053513343,947,33.34653808,57,6,0,369.4425676,351.0943136,Jun,2019,6,Thu,203,0,0,10,0,0,13,0,0,1,3,0,166,0,0,1,7,455,0,5,0,0
7-Jun,1569,2228,830,45.14699646,1648,55.88640868,43,6,0,162.7329114,157.75229,Jun,2019,7,Fri,172,0,0,18,0,0,17,0,0,0,366,0,172,192,0,0,17,602,0,10,0,3
8-Jun,2483,2992,1986,29.78391096,2642,46.87520684,11,3,0,195.9845361,466.2842943,Jun,2019,8,Sat,67,0,0,0,0,0,0,0,0,0,103,0,160,1900,0,0,5,236,0,12,0,0
9-Jun,3011,3749,2517,22.85788136,3228,42.34080332,12,3,0,235.9430894,641.4670153,Jun,2019,9,Sun,63,0,0,1,0,0,8,0,0,2,61,0,517,2127,0,0,1,225,0,6,0,0
10-Jun,2389,3117,1590,19.2582307,2570,40.98581402,39,4,0,361.2173913,501.1547196,Jun,2019,10,Mon,390,0,0,0,0,0,10,0,28,1,87,0,348,987,0,0,7,500,0,28,0,3
11-Jun,1383,1991,653,16.6798161,1480,38.48509609,49,5,0,333.256917,301.9684611,Jun,2019,11,Tue,292,0,0,1,0,0,17,0,27,5,76,0,170,288,0,35,13,427,0,29,0,3
12-Jun,2679,3675,1515,17.24629743,2846,37.74966586,61,6,0,340.6590258,341.2191161,Jun,2019,12,Wed,289,0,0,18,0,0,38,0,407,7,73,0,390,397,0,361,20,616,7,5,0,51
13-Jun,2622,3467,1893,52.92890305,2884,63.31181749,39,2,0,151.6935818,194.7468719,Jun,2019,13,Thu,170,0,0,2,0,0,27,449,78,0,139,0,230,482,0,518,18,382,24,6,0,97
14-Jun,1544,2405,897,18.85565625,1660,37.20276794,35,5,0,312.8965517,299.6016456,Jun,2019,14,Fri,157,0,0,2,0,0,14,51,9,1,65,0,160,358,0,187,9,404,47,1,1,78
15-Jun,885,1095,596,21.15952298,931,44.40571902,9,3,0,164.4748201,214.8993762,Jun,2019,15,Sat,35,0,0,0,0,0,13,34,8,0,53,0,93,212,0,170,9,153,49,2,0,54
16-Jun,983,1229,652,23.60273561,1034,44.78087995,11,2,0,142.4401408,219.0973937,Jun,2019,16,Sun,46,0,0,0,0,0,1,33,6,0,40,0,161,244,0,165,0,171,52,0,0,64
17-Jun,1784,2430,1045,19.0258566,1881,39.6251141,32,6,0,311.7868852,381.7820584,Jun,2019,17,Mon,169,0,0,0,0,0,35,41,130,5,58,0,205,365,0,187,8,470,50,4,0,57
18-Jun,1770,2294,1100,19.90385286,1883,42.72725676,49,2,0,243.4914894,304.8815128,Jun,2019,18,Tue,138,0,0,6,0,0,27,46,110,0,41,0,236,376,0,324,7,367,44,5,0,43
19-Jun,1682,2309,1071,18.18291016,1787,38.47228861,51,4,0,273.8817204,299.1662007,Jun,2019,19,Wed,159,0,0,9,0,0,27,40,84,0,39,0,208,277,0,354,28,352,59,11,0,35
20-Jun,2266,3023,1246,13.92223966,2410,37.63908533,46,7,1,262.429652,320.6306607,Jun,2019,20,Thu,209,0,0,11,0,0,41,33,113,6,46,0,252,301,0,312,20,790,57,32,0,43
21-Jun,2163,2982,1177,17.02180486,2338,36.95524069,42,5,0,351.4498433,388.5165616,Jun,2019,21,Fri,252,0,0,5,0,0,16,33,111,0,63,0,216,354,0,271,27,655,48,58,0,54
22-Jun,1349,1745,851,20.3916386,1405,39.82399799,23,5,0,183.1398417,263.7191339,Jun,2019,22,Sat,104,0,0,5,0,0,10,43,109,7,48,0,146,241,0,233,18,265,71,8,1,40
23-Jun,1331,1675,901,18.82383439,1403,43.99976306,24,4,0,163.4210526,275.8738486,Jun,2019,23,Sun,63,0,0,1,0,0,8,52,103,6,47,0,178,333,0,196,12,198,81,0,0,53
24-Jun,2098,2903,1237,15.83596165,2238,37.45579244,46,5,0,303.3001745,327.4769679,Jun,2019,24,Mon,183,1,0,4,0,0,25,54,138,0,57,0,282,596,0,192,29,402,74,13,0,48
25-Jun,2082,2929,1189,13.23088988,2223,32.52297149,49,5,0,315.0370995,307.3615993,Jun,2019,25,Tue,211,0,0,17,0,0,35,172,133,14,25,0,238,458,0,199,29,509,12,12,0,18
26-Jun,1813,2690,990,13.38934737,1957,34.14387014,47,4,0,294.1460102,269.9943229,Jun,2019,26,Wed,144,0,0,9,0,0,16,104,134,0,40,0,206,446,0,152,48,502,0,10,0,2
27-Jun,1583,2301,864,12.27953881,1720,37.19057504,66,5,0,344.1900826,304.7061049,Jun,2019,27,Thu,149,0,0,4,0,0,12,41,131,0,23,0,250,368,0,89,13,483,5,14,0,1
28-Jun,1341,1849,756,11.16173521,1455,34.71076289,62,4,0,277.1775,258.8370236,Jun,2019,28,Fri,112,0,0,7,0,0,39,52,167,3,5,0,214,286,0,84,1,354,0,16,0,1
29-Jun,918,1206,559,11.53722551,964,37.44365531,40,4,0,220.2195122,299.4978905,Jun,2019,29,Sat,52,0,0,1,0,0,24,36,117,0,7,0,165,240,0,77,3,191,0,4,0,1
30-Jun,1045,1375,644,9.068868431,1098,34.94391433,52,4,0,193.7697842,255.9291581,Jun,2019,30,Sun,55,0,0,0,0,0,18,50,192,0,5,0,185,265,0,92,7,174,0,2,0,0
1-Jul,1689,2376,916,13.05111417,1811,34.47275518,82,4,0,346.3060345,411.3758083,Jul,2019,1,Mon,80,0,0,7,0,0,16,60,162,1,6,0,293,460,0,87,17,500,0,0,0,0
2-Jul,2029,2961,1019,9.152589677,2176,30.91329039,100,6,0,302.1901743,298.9171316,Jul,2019,2,Tue,258,0,0,4,0,0,26,79,175,0,5,0,416,461,0,101,15,466,0,23,0,0
3-Jul,2200,2956,1203,10.98581531,2351,33.47396881,124,6,0,302.7947368,316.5115096,Jul,2019,3,Wed,219,0,0,11,0,0,25,58,259,0,16,0,440,446,0,122,21,566,0,17,0,0
4-Jul,1514,1932,792,6.168090387,1587,29.99053991,71,2,0,225.8597285,332.7796488,Jul,2019,4,Thu,147,0,0,5,0,0,11,19,186,22,4,0,254,322,0,125,19,396,0,4,0,0
5-Jul,2555,3613,1207,7.978703159,2743,31.6268652,113,5,0,414.065625,403.9094138,Jul,2019,5,Fri,234,0,0,0,0,0,44,48,135,8,15,0,479,700,0,84,16,781,0,11,0,0
6-Jul,1757,2206,915,11.09768431,1832,36.71661936,67,5,0,264.095723,318.6457122,Jul,2019,6,Sat,145,0,0,0,0,0,23,63,183,7,5,0,251,382,0,108,18,568,0,4,0,0
7-Jul,1611,2066,896,11.41342679,1680,38.04178834,55,4,0,276.4843049,361.7522927,Jul,2019,7,Sun,115,0,0,1,0,0,16,87,188,0,0,0,193,394,0,115,5,488,0,9,0,0
8-Jul,2857,3761,1310,8.290275516,3041,32.6107874,145,7,1,347.8426396,368.0286074,Jul,2019,8,Mon,280,0,0,2,0,0,55,72,150,16,2,0,509,609,0,109,23,1017,0,13,0,0
9-Jul,2717,3608,1277,10.70016241,2910,33.57517176,162,6,0,346.2372215,358.5961819,Jul,2019,9,Tue,207,0,0,1,0,0,54,81,123,4,5,0,576,511,0,101,50,979,0,25,0,0
10-Jul,2357,3208,1170,10.10409795,2577,34.70402793,138,6,0,344.4369501,378.1549553,Jul,2019,10,Wed,200,0,0,2,0,0,32,55,131,8,13,0,501,461,0,129,21,789,1,14,0,0
11-Jul,2129,2807,1085,14.00268063,2309,37.99965795,103,7,1,346.0900322,390.078686,Jul,2019,11,Thu,146,0,0,1,0,4,20,54,143,11,0,0,476,414,0,75,18,762,1,4,0,0
12-Jul,2038,2634,1020,10.91666728,2167,37.19799737,104,5,0,352.1517707,392.3744596,Jul,2019,12,Fri,229,0,0,1,0,0,26,59,141,6,17,0,338,349,0,75,4,770,0,23,0,0
13-Jul,1409,1908,751,11.72375729,1501,30.10900487,66,5,0,315.1994751,353.2778891,Jul,2019,13,Sat,99,0,0,0,0,0,25,62,110,4,0,0,292,295,0,110,1,406,0,5,0,0
14-Jul,1429,1794,753,13.97628107,1506,34.3983066,68,8,1,265.4646226,374.1855126,Jul,2019,14,Sun,93,0,0,2,0,2,21,54,127,9,1,0,263,290,0,89,24,444,0,10,0,0
15-Jul,2522,3489,1214,8.838216006,2715,35.0156535,139,7,1,428.5512266,411.3045016,Jul,2019,15,Mon,269,0,0,2,0,0,74,54,95,5,6,0,496,460,0,85,17,950,0,8,1,0
16-Jul,2644,3686,1192,6.989888773,2872,33.43731524,118,5,0,409.0202532,381.0826582,Jul,2019,16,Tue,370,0,0,7,0,0,24,71,136,1,7,0,503,431,0,63,14,1009,0,5,0,3
17-Jul,2302,3031,1049,8.005832357,2466,34.59480984,125,6,0,333.079096,380.1094017,Jul,2019,17,Wed,227,0,0,0,0,0,32,53,109,17,19,0,469,442,0,10,39,873,0,12,0,0
18-Jul,2737,3479,1192,7.988801271,2872,36.50791625,152,9,1,404.3426043,441.7116762,Jul,2019,18,Thu,296,0,0,3,0,4,46,53,111,5,5,0,640,503,0,12,44,1001,0,14,0,0
19-Jul,2696,3721,1266,9.766694312,2888,34.05234264,156,6,0,395.2402685,391.9418887,Jul,2019,19,Fri,237,0,0,0,0,0,31,64,103,0,16,0,583,684,0,7,15,942,0,14,0,0
20-Jul,1526,2023,769,10.29152928,1623,35.74280747,79,6,0,232.5052192,257.388851,Jul,2019,20,Sat,73,0,0,0,0,0,14,56,110,3,10,0,319,517,0,3,21,398,0,2,0,0
21-Jul,1522,1915,730,9.174315583,1587,34.44852836,64,5,0,276.3624161,331.5816099,Jul,2019,21,Sun,116,0,0,1,0,0,23,33,96,0,5,0,290,642,0,3,7,296,0,10,0,0
22-Jul,2589,3485,1274,10.82946635,2770,33.57187657,132,5,0,327.5353107,374.0182715,Jul,2019,22,Mon,210,0,0,0,0,0,26,60,105,0,2,0,454,933,0,3,14,753,0,29,0,0
23-Jul,2785,3635,1373,10.89892685,2950,32.71305024,117,5,0,310.0434192,357.5850436,Jul,2019,23,Tue,225,0,0,1,0,0,31,39,86,2,86,0,520,1028,0,3,23,725,0,16,0,0
24-Jul,2335,3110,1131,9.156673523,2461,28.98414945,119,5,0,273.6402536,299.3322051,Jul,2019,24,Wed,217,0,0,0,0,0,16,41,105,5,113,0,502,825,0,2,8,491,0,10,0,0
25-Jul,2134,2724,1061,11.26970105,2231,35.72389632,99,7,1,238.8679868,281.3777225,Jul,2019,25,Thu,130,0,0,0,0,0,24,40,101,0,92,0,460,812,0,2,19,446,0,8,0,0
26-Jul,2466,3221,1170,8.068351784,2606,31.82889477,125,7,1,294.0647482,347.7817733,Jul,2019,26,Fri,180,0,0,2,0,0,40,51,78,5,88,0,443,818,0,3,16,729,0,13,0,0
27-Jul,2396,3133,1179,10.30041243,2521,33.61364238,105,7,1,302.9685265,328.1367201,Jul,2019,27,Sat,153,0,0,0,0,0,41,59,89,12,107,0,381,720,0,1,30,787,0,16,0,0
28-Jul,2373,3005,1202,11.03663827,2481,34.54923018,94,7,1,302.041868,394.9696056,Jul,2019,28,Sun,158,0,0,2,0,0,23,47,105,0,97,0,447,778,0,4,17,684,0,11,0,0
29-Jul,3865,4975,1757,8.478010814,4047,38.23967834,203,8,1,379.7677485,431.1865671,Jul,2019,29,Mon,322,0,0,1,0,0,33,62,69,4,52,0,824,916,0,4,30,1529,0,18,0,1
30-Jul,3211,4081,1530,9.059321509,3405,35.55816359,170,9,1,360.8335373,429.9384289,Jul,2019,30,Tue,221,0,0,0,0,0,58,36,96,8,11,0,649,968,0,1,33,1099,0,31,0,0
31-Jul,2410,3068,1212,8.552916299,2544,34.74398246,142,7,1,341.2289157,407.7996873,Jul,2019,31,Wed,166,0,0,7,0,0,31,27,92,8,17,0,542,684,0,3,25,796,0,12,0,0
1-Aug,2302,3030,1168,8.470285324,2420,34.42534986,150,6,0,334.1126051,366.9175984,Aug,2019,1,Thu,206,0,0,0,0,0,24,12,105,10,8,0,517,746,0,2,9,640,0,23,0,0
2-Aug,2877,3637,1318,8.211363478,3031,34.6414453,180,5,0,399.6903138,491.920634,Aug,2019,2,Fri,256,0,0,0,0,0,40,12,78,5,20,0,581,618,0,2,17,1244,0,4,0,0
3-Aug,2495,3074,1150,8.196584788,2625,34.60506318,124,6,0,374.1248097,457.5920259,Aug,2019,3,Sat,161,0,0,1,0,0,23,18,123,5,17,0,468,573,0,1,11,1089,0,5,0,0
4-Aug,2627,3333,1186,8.182028221,2736,33.89637678,140,6,0,347.1574468,412.3313957,Aug,2019,4,Sun,149,0,0,1,0,0,32,39,115,5,16,0,447,640,0,2,10,1137,0,34,0,0
5-Aug,4236,5287,1843,8.129369254,4427,37.27158884,226,10,1,370.5240506,403.4175735,Aug,2019,5,Mon,396,0,0,0,0,0,44,133,79,17,56,0,724,830,0,1,27,1901,0,28,0,0
6-Aug,3812,4874,1757,7.90036178,3996,36.53675016,207,5,0,378.287,456.3606771,Aug,2019,6,Tue,439,0,0,4,0,0,26,77,107,0,55,0,693,791,0,0,12,1567,0,41,0,0
7-Aug,4238,5320,1892,7.326218512,4469,34.39368554,238,7,1,366.9021237,419.4433439,Aug,2019,7,Wed,379,0,0,4,0,0,64,140,122,12,48,0,780,779,0,1,27,1858,0,24,0,0
8-Aug,3640,4608,1676,8.61849737,3809,35.23553425,218,8,1,357.3088083,424.4102092,Aug,2019,8,Thu,287,0,0,3,0,0,70,102,83,9,57,0,674,769,0,2,36,1505,0,29,14,0
9-Aug,2734,3547,1374,11.23675819,2871,36.32747536,161,6,0,317.4228095,372.3457278,Aug,2019,9,Fri,244,1,0,0,0,0,35,123,90,0,23,0,485,689,0,0,22,991,0,24,7,0
10-Aug,1952,2515,972,10.33649709,2046,31.72764198,112,6,0,271.9136029,341.9704675,Aug,2019,10,Sat,126,0,0,0,0,0,20,83,110,3,6,0,436,517,0,7,10,609,0,15,10,0
11-Aug,2018,2572,1036,11.40896449,2135,34.31180054,108,7,1,302.4835165,387.0950156,Aug,2019,11,Sun,104,0,0,0,0,0,24,98,110,5,9,0,398,694,0,0,8,521,0,30,17,0
12-Aug,3564,4568,1604,7.255709608,3772,33.39149378,239,7,1,374.3695421,421.622066,Aug,2019,12,Mon,270,0,0,2,0,0,61,105,77,12,31,0,866,778,0,0,13,1296,0,46,7,0
13-Aug,3512,4513,1588,7.957774195,3699,32.1659635,243,7,1,388.0033746,459.0344941,Aug,2019,13,Tue,271,0,0,0,0,0,49,108,96,9,34,0,833,877,0,1,17,1180,0,31,6,0
14-Aug,3902,5222,1864,7.791887239,4179,34.5752614,255,12,1,384.3035176,422.5368502,Aug,2019,14,Wed,326,0,0,0,0,0,63,124,146,19,35,0,879,1008,0,1,25,1209,0,57,10,0
15-Aug,5015,6479,2596,7.94624148,5305,30.85659405,281,10,1,382.6888112,416.1656583,Aug,2019,15,Thu,420,0,0,14,0,0,66,94,726,18,53,0,930,1125,0,4,58,1456,0,42,9,0
16-Aug,4236,5547,2248,8.932551415,4478,36.30325575,255,6,0,360.9102041,395.506185,Aug,2019,16,Fri,458,0,0,10,0,0,67,71,488,5,35,0,872,1097,0,1,19,1078,0,25,10,0
17-Aug,2615,3366,1278,7.611536126,2766,29.08028456,147,10,1,322.0159652,385.7555359,Aug,2019,17,Sat,172,0,0,3,0,0,48,72,168,10,40,0,602,978,0,0,11,478,0,27,6,0
18-Aug,2298,2928,1219,10.8014001,2409,33.87234515,122,5,0,250.67642,353.5665101,Aug,2019,18,Sun,137,0,0,2,0,0,13,65,180,7,26,0,508,923,0,1,8,401,0,23,4,0
19-Aug,3730,4984,1934,9.328011799,3972,32.94963464,238,8,1,349.4725644,431.8170677,Aug,2019,19,Mon,359,0,0,1,0,6,39,59,136,4,54,0,924,1336,0,0,28,763,0,18,3,0
20-Aug,3652,4814,1823,8.60161726,3863,34.35255574,197,7,1,366.5698324,417.1896889,Aug,2019,20,Tue,402,0,0,1,0,0,40,70,114,5,81,0,806,1217,0,0,15,884,0,15,2,0
21-Aug,3622,4719,1774,8.7966224,3829,33.47909798,231,7,1,312.6420022,358.0669681,Aug,2019,21,Wed,372,0,0,0,33,0,60,100,120,4,77,0,841,1136,0,1,24,820,0,29,5,0
22-Aug,3508,4673,1762,9.89114345,3768,32.25080647,240,10,1,336.1133909,381.5234773,Aug,2019,22,Thu,417,0,0,1,4,0,46,68,109,1,70,0,833,1112,0,0,35,757,0,48,7,0
23-Aug,2829,3761,1517,11.16375596,3027,35.35586119,181,10,1,299.0391892,336.4816159,Aug,2019,23,Fri,316,0,0,0,3,0,31,66,155,2,33,0,660,919,0,0,53,548,0,37,6,0
24-Aug,1886,2482,1029,12.16417632,1988,34.20100929,124,7,1,230.3808594,274.4757524,Aug,2019,24,Sat,115,0,0,1,8,0,24,63,156,8,30,0,483,721,0,0,4,252,0,15,6,0
25-Aug,2098,2687,1170,11.24947705,2216,32.23969215,110,4,0,308.2461538,374.8372581,Aug,2019,25,Sun,111,0,0,4,0,0,14,66,144,12,12,0,447,864,0,2,13,391,0,12,6,0
26-Aug,3109,4206,1626,9.14162121,3300,32.03703055,200,6,0,331.0804455,361.7304996,Aug,2019,26,Mon,330,0,0,2,29,0,42,72,144,9,65,51,693,1043,0,5,30,548,0,35,11,0
27-Aug,2802,3801,1479,10.35122147,2996,31.38804293,210,6,0,309.8320707,358.8131628,Aug,2019,27,Tue,303,0,0,1,21,0,62,67,119,8,57,80,634,954,0,1,23,442,0,17,13,0
28-Aug,3007,3936,1621,10.57326654,3165,31.54508707,202,9,1,300.7073475,381.5248788,Aug,2019,28,Wed,326,0,0,3,17,0,54,78,185,5,50,59,614,1027,0,0,34,521,0,23,11,0
29-Aug,3395,4484,1820,9.622576835,3612,34.30493242,211,10,1,339.759733,420.6876263,Aug,2019,29,Thu,359,0,0,1,28,0,28,58,245,8,39,75,622,1125,0,1,30,747,0,23,6,0
30-Aug,2842,3656,1629,10.28426835,3020,35.88292452,205,6,0,327.0376045,411.9384204,Aug,2019,30,Fri,388,0,0,1,4,0,43,47,228,7,20,86,590,867,0,0,32,502,0,17,10,0
31-Aug,1873,2455,972,10.09973981,1964,30.30320001,108,8,1,242.125,296.3884484,Aug,2019,31,Sat,153,0,0,0,16,0,21,102,98,1,16,16,375,758,0,0,11,295,0,8,3,0
1-Sep,1846,2428,1084,13.07907711,1934,32.5431153,112,8,1,257.092827,319.1731668,Sep,2019,1,Sun,121,1,0,1,3,0,23,38,221,5,16,33,399,692,0,1,3,265,0,18,6,0
2-Sep,2000,2529,1112,9.895444591,2108,34.48192997,156,6,0,294.0990099,362.1587547,Sep,2019,2,Mon,112,0,0,1,0,0,17,45,166,8,7,75,392,729,0,0,9,408,0,21,10,0
3-Sep,4381,5729,2293,7.594730708,4608,31.49748613,266,8,1,368.984787,426.4117252,Sep,2019,3,Tue,450,0,0,4,15,0,66,68,213,5,15,130,953,1575,0,0,10,831,0,37,9,0
4-Sep,4565,6014,2405,7.653453168,4847,33.80134817,265,7,1,392.1687204,464.5636589,Sep,2019,4,Wed,564,0,0,0,6,0,49,70,148,5,26,126,1058,1469,0,1,41,989,0,9,4,0
5-Sep,3726,4984,2053,9.89635285,4011,30.96644987,212,9,1,328.0877945,384.6524848,Sep,2019,5,Thu,332,0,0,0,35,0,32,48,132,23,13,77,795,1242,20,1,40,901,0,30,5,0
6-Sep,2468,3197,1501,10.09830296,2633,33.10776712,199,8,1,233.0986132,323.3344995,Sep,2019,6,Fri,232,0,0,0,40,0,27,63,137,8,41,55,703,825,12,5,18,281,0,17,4,0
7-Sep,1760,2282,1136,16.60833626,1856,37.82827504,107,5,0,255.942446,367.0095276,Sep,2019,7,Sat,122,0,0,0,4,0,14,150,173,1,2,21,430,682,0,0,14,130,0,10,7,0
8-Sep,1678,2235,1034,13.48068334,1796,32.9280966,106,4,0,204.1563275,266.1392702,Sep,2019,8,Sun,67,0,0,0,2,0,10,50,136,11,15,15,442,802,0,0,4,109,0,12,3,0
9-Sep,2805,3906,1665,8.325787775,3059,30.21574051,223,11,1,328.977591,350.0150761,Sep,2019,9,Mon,387,0,0,0,22,0,50,83,151,4,25,56,763,959,7,0,34,249,0,6,9,0
10-Sep,2322,3051,1402,10.72602789,2516,35.21600628,184,8,1,301.9482471,381.1379849,Sep,2019,10,Tue,318,0,0,0,41,0,40,69,135,7,17,48,560,804,2,0,21,243,0,12,5,0
11-Sep,2086,2832,1220,10.71452714,2276,34.3791337,178,7,1,289.7163121,350.7712969,Sep,2019,11,Wed,305,0,0,0,25,0,34,60,140,7,6,53,495,684,5,3,12,242,0,9,6,0
12-Sep,2043,2751,1107,8.603010438,2218,31.67042535,178,9,1,338.21875,361.7023315,Sep,2019,12,Thu,238,0,0,0,21,0,48,43,159,8,7,14,566,699,9,0,25,190,0,11,5,0
13-Sep,1843,2569,1082,10.97249803,2019,33.97433571,144,8,1,289.8045113,301.626238,Sep,2019,13,Fri,248,0,0,0,9,0,30,45,134,2,11,23,475,653,3,0,19,180,0,8,3,0
14-Sep,1087,1451,671,15.61114165,1140,33.61267909,75,5,0,255.9368771,355.6266394,Sep,2019,14,Sat,127,0,0,1,2,0,22,32,154,6,12,2,250,391,0,0,4,72,0,7,5,0
15-Sep,1133,1456,728,14.35592515,1204,36.30712265,87,4,0,276.5921986,409.2308902,Sep,2019,15,Sun,100,0,0,0,1,0,15,35,137,8,5,0,276,437,0,0,0,104,0,8,7,0
16-Sep,2678,3851,1462,8.407249568,2910,29.3567774,196,9,1,375.5130168,369.3233765,Sep,2019,16,Mon,358,0,0,0,17,0,38,32,163,8,9,19,678,1057,4,0,29,238,0,19,9,0
17-Sep,2899,3928,1662,9.991350323,3100,33.06958791,168,8,1,319.0855366,380.0774558,Sep,2019,17,Tue,346,0,0,3,6,0,62,52,183,0,18,21,736,1274,0,0,21,156,0,11,10,0
18-Sep,2873,3959,1649,9.517449449,3087,31.35418991,171,9,1,354.0165165,402.5174697,Sep,2019,18,Wed,378,0,0,0,8,0,28,36,151,2,26,10,731,1231,6,0,30,211,0,19,6,0
19-Sep,2337,3163,1369,9.347244889,2552,30.47710427,140,9,1,360.6486486,381.8081839,Sep,2019,19,Thu,264,0,0,0,14,0,31,43,231,9,41,11,585,796,6,0,28,248,0,26,4,0
20-Sep,2449,3449,1443,7.967207918,2689,30.02289835,164,12,1,377.8272884,417.6861142,Sep,2019,20,Fri,336,0,0,4,21,0,31,64,211,1,13,11,609,872,6,0,34,216,0,13,7,0
21-Sep,1486,1945,953,15.08539157,1566,33.71717234,97,5,0,231.0365168,301.1166222,Sep,2019,21,Sat,120,0,0,1,13,0,4,44,186,2,13,8,393,546,0,0,9,130,0,4,13,0
22-Sep,1641,2094,1049,14.66371812,1725,31.53743404,104,5,0,232.9402597,345.3739896,Sep,2019,22,Sun,90,0,0,1,7,0,21,51,182,2,8,1,422,686,0,0,25,133,0,3,9,0
23-Sep,2881,3938,1715,9.067044473,3125,31.94344274,191,11,1,361.180536,411.1398539,Sep,2019,23,Mon,350,0,0,0,23,0,44,40,192,18,18,10,738,1058,6,1,41,321,0,16,5,0
24-Sep,2662,3573,1658,11.67337734,2909,35.48049781,177,8,1,301.2803598,358.8920695,Sep,2019,24,Tue,301,0,0,3,2,0,69,52,188,7,20,11,768,920,5,0,47,256,0,9,4,0
25-Sep,2940,3959,1825,10.30546283,3182,30.27868212,167,7,1,363.3242075,408.0323255,Sep,2019,25,Wed,375,0,0,5,17,0,38,79,419,9,41,7,715,936,0,0,27,260,0,6,6,0
26-Sep,2331,3107,1418,11.34476827,2519,33.34369998,187,7,1,303.9280702,341.3571232,Sep,2019,26,Thu,313,0,0,5,0,0,49,42,316,8,18,12,638,707,0,0,11,204,0,6,2,0
27-Sep,2037,2855,1191,10.7645238,2234,31.49433883,174,8,1,369.5592921,406.4187278,Sep,2019,27,Fri,252,1,0,1,2,0,62,70,211,10,14,12,512,646,0,0,19,192,0,29,4,0
28-Sep,1569,2071,1020,14.30077267,1653,35.61658266,115,4,0,290.9854227,357.0091987,Sep,2019,28,Sat,165,0,0,3,0,0,26,50,323,7,8,1,371,510,2,0,5,83,0,9,6,0
29-Sep,1232,1615,806,16.32917586,1306,34.7952412,95,4,0,283.0310559,417.5101798,Sep,2019,29,Sun,131,0,0,1,8,0,32,37,211,1,13,3,293,405,0,0,6,80,0,6,5,0
30-Sep,2329,3171,1376,13.96303451,2518,35.50353296,212,6,0,356.728223,417.7342914,Sep,2019,30,Mon,246,0,0,1,5,0,29,34,206,8,31,2,684,831,7,0,17,192,0,29,7,0
1-Oct,2586,3580,1562,13.7530928,2813,34.17400604,184,7,1,310.8683834,397.6004694,Oct,2019,1,Tue,372,0,0,1,4,0,33,12,230,6,184,11,592,819,6,0,55,244,0,14,3,0
2-Oct,2136,2907,1378,14.88609025,2346,34.02140885,166,8,1,262.3871528,315.9266888,Oct,2019,2,Wed,317,0,0,0,9,0,44,5,214,4,187,13,509,617,5,0,21,168,0,16,7,0
3-Oct,2296,3078,1491,14.12062398,2489,34.16563385,161,8,1,306.4767857,383.1347778,Oct,2019,3,Thu,251,0,0,2,10,0,31,7,336,7,200,14,524,643,0,1,9,247,0,8,6,0
4-Oct,2609,3270,1953,18.57570176,2757,40.49555784,177,7,1,283.9252874,437.4012144,Oct,2019,4,Fri,426,0,0,10,11,0,59,8,744,5,147,7,470,493,1,0,23,192,0,8,5,0
5-Oct,1742,2158,1293,20.20434813,1843,38.49023474,91,5,0,238.4579946,414.3308383,Oct,2019,5,Sat,161,1,0,2,0,0,19,5,531,19,185,0,299,393,0,0,3,119,0,0,5,0
6-Oct,1543,1926,1182,20.78027072,1607,42.39802375,75,2,0,188.7064846,366.8307109,Oct,2019,6,Sun,109,0,0,4,0,0,12,5,493,5,160,1,240,411,0,1,6,78,0,13,5,0
7-Oct,2540,3380,1582,10.00371671,2737,32.86064623,164,9,1,362.6544342,446.7718663,Oct,2019,7,Mon,351,0,0,2,11,0,72,9,386,13,158,11,497,667,20,0,36,273,0,26,8,0
8-Oct,2494,3409,1572,12.8713212,2697,33.21894249,170,7,1,350.3886097,395.9431052,Oct,2019,8,Tue,334,1,0,2,3,0,54,4,373,8,157,12,523,753,8,2,29,213,0,12,6,0
9-Oct,2091,2781,1362,12.72263918,2281,38.3585805,143,7,1,292.5224719,336.8177053,Oct,2019,9,Wed,281,0,0,0,8,0,59,2,350,8,123,7,428,570,6,0,16,216,0,11,6,0
10-Oct,1976,2689,1300,10.91008566,2138,31.17790384,152,9,1,333.7816092,366.4978052,Oct,2019,10,Thu,262,0,0,4,34,6,45,10,369,3,120,12,494,333,6,1,17,245,0,11,4,0
11-Oct,2057,2700,1412,13.59441748,2233,34.99824406,127,9,1,305.3777336,419.6434163,Oct,2019,11,Fri,187,2,0,3,15,1,37,13,460,0,123,8,433,530,9,0,28,186,0,17,5,0
12-Oct,1258,1652,950,21.76090112,1327,42.66334908,63,1,0,211.8346153,379.3689336,Oct,2019,12,Sat,113,0,0,0,0,0,3,5,375,6,123,6,173,398,0,1,6,38,0,2,9,0
13-Oct,1247,1625,913,14.88491268,1287,34.45325551,72,5,0,178.5492424,275.17753,Oct,2019,13,Sun,92,0,0,0,0,0,10,3,363,0,131,2,248,341,0,0,18,31,0,4,4,0
14-Oct,1939,2558,1217,12.08256673,2112,33.60125882,145,9,1,301.654,357.965305,Oct,2019,14,Mon,232,1,0,1,7,0,57,8,259,4,154,9,426,616,7,0,17,120,0,13,8,0
15-Oct,1943,2608,1294,15.64639403,2119,34.91804626,136,6,0,230.8762677,321.5575686,Oct,2019,15,Tue,234,0,0,0,8,0,19,16,276,1,156,7,458,599,9,0,20,112,0,18,10,0
16-Oct,1855,2424,1268,14.29562723,2004,33.74308107,170,8,1,288.764302,449.5580666,Oct,2019,16,Wed,213,0,0,0,3,0,49,15,283,1,162,8,490,480,6,0,26,106,0,6,7,0
17-Oct,1951,2558,1272,15.58689013,2056,34.32468639,162,10,1,230.3602484,318.6756226,Oct,2019,17,Thu,205,0,0,0,7,0,46,6,319,10,212,9,492,508,6,0,30,93,0,3,5,0
18-Oct,1738,2240,1188,17.18186576,1861,35.50553126,126,7,1,254.0700935,359.228343,Oct,2019,18,Fri,185,1,0,0,1,3,59,7,301,4,175,8,368,441,2,0,20,139,0,11,13,0
19-Oct,1206,1533,933,23.32159787,1269,41.03443529,76,3,0,210.0043478,382.394378,Oct,2019,19,Sat,70,2,0,0,3,0,4,7,342,1,184,0,224,318,3,0,2,27,0,8,11,0
20-Oct,1344,1679,1009,18.04457903,1392,40.71544135,80,1,0,236.3657588,430.2191397,Oct,2019,20,Sun,80,1,0,0,0,0,13,3,348,3,231,0,261,351,0,0,15,20,0,11,7,0
21-Oct,2331,3197,1726,15.77977431,2485,37.20121395,152,7,1,346.7177243,320.7568299,Oct,2019,21,Mon,210,0,308,0,34,0,47,9,315,2,242,10,446,560,7,0,12,111,0,14,4,0
22-Oct,2820,3836,2179,16.29863237,3018,34.22893982,95,8,1,370.7270916,387.9905775,Oct,2019,22,Tue,205,0,925,0,9,0,30,4,263,1,292,12,421,510,6,0,18,110,0,9,5,0
23-Oct,2000,2671,1431,16.94180011,2166,37.28876734,106,7,1,332.6891892,477.0932189,Oct,2019,23,Wed,198,2,208,0,15,0,32,6,226,2,229,8,407,535,10,0,17,96,0,2,7,0
24-Oct,2190,2889,1656,19.26194425,2345,36.11096539,93,7,1,298.8356482,368.289101,Oct,2019,24,Thu,200,0,452,0,12,0,10,5,247,3,248,6,332,532,5,0,16,108,0,10,4,0
25-Oct,2122,2941,1566,20.63848985,2262,36.00921174,134,8,1,365.48,527.9294916,Oct,2019,25,Fri,200,0,261,0,12,0,24,5,350,3,232,8,396,466,5,0,14,123,0,17,6,0
26-Oct,1499,1925,1172,22.88857343,1564,42.21337655,62,5,0,242.0304054,399.2281391,Oct,2019,26,Sat,71,0,247,0,0,1,13,3,319,0,208,1,234,306,0,0,4,82,0,2,8,0
27-Oct,1449,1846,1168,30.00968539,1491,44.80203379,67,2,0,225.6771654,754.123356,Oct,2019,27,Sun,71,0,211,0,1,0,10,4,368,4,218,1,204,280,0,0,4,60,0,4,9,0
28-Oct,2249,3008,1551,12.16175348,2434,34.83070302,168,5,0,339.2718447,455.944844,Oct,2019,28,Mon,226,0,212,0,3,0,35,5,251,14,212,14,466,568,5,2,16,207,0,8,5,0
29-Oct,2080,2726,1388,14.75078487,2243,38.54787983,113,8,1,338.439604,501.35964,Oct,2019,29,Tue,279,0,168,0,5,0,22,10,253,2,160,9,436,504,6,0,33,182,0,5,6,0
30-Oct,2137,2804,1494,17.1865361,2300,39.07690831,131,7,1,278.8468992,392.4840431,Oct,2019,30,Wed,242,0,196,0,9,0,26,7,260,1,239,8,424,465,5,0,43,205,0,7,0,0
31-Oct,2124,2961,1404,19.96696559,2297,40.93306428,153,8,1,330.4812834,372.07798,Oct,2019,31,Thu,330,0,113,0,12,0,32,12,214,1,206,10,450,488,7,0,27,195,0,21,6,0
